"indivID","householdID","age","sex","group","bone","yrs_edu","darija","income","net_income","wealth","loans","years_in_com","water_need","water_interruption","water_change_plans","fewer_meals","no_food","hungry_alldaynight","interviewed_econ","interviewed_networks","interviewed_nomadism"
"ID190","ID65",31,"male","never nomad","iguramen",9,1,63500,63500,294930,"no",31,"never","rarely","never","never","never","never",1,1,0
"ID232","ID135",33,"male","never nomad","ait_hdidou",0,0,2750,2750,178900,"yes",33,"often","often","sometimes","never","never","never",1,1,0
"ID237","ID17",39,"male","former nomad","iguramen",6,1,8000,8000,53490,"yes",11,"sometimes","sometimes","sometimes","never","never","never",1,1,1
"ID202","ID40",38,"male","never nomad","iguramen",0,0,4050,4050,9450,"no",38,"sometimes","often","sometimes","never","never","never",1,1,0
"ID137","ID105",38,"male","never nomad","ait_hdidou",6,0,4380,4380,169450,"no",38,"often","sometimes","sometimes","never","never","never",1,1,0
"ID184","ID7",43,"male","never nomad","ait_hdidou",0,1,7800,7800,15650,"no",44,"often","often","often","never","never","never",1,1,0
"ID265","ID115",42,"male","never nomad","ait_hdidou",0,0,1125,1125,89110,"no",42,"often","often","often","never","never","never",1,1,0
"ID231","ID50",54,"male","never nomad","ait_hdidou",1,0,3850,3850,48430,"no",53,"sometimes","sometimes","sometimes","never","never","never",1,1,0
"ID244","ID104",51,"male","never nomad","ait_hdidou",9,1,6980,6980,35400,"no",51,"always","sometimes","sometimes","never","never","never",1,1,0
"ID250","ID27",41,"male","former nomad","other",0,0,6480,6480,64750,"yes",12,"sometimes","sometimes","sometimes","never","never","never",1,1,1
"ID246","ID56",33,"male","former nomad","iguramen",0,0,4600,4600,37000,"no",8,"often","always","always","never","never","never",1,1,0
"ID266","ID90",36,"male","never nomad","ait_hdidou",5,1,27500,27500,7750,"no",37,"rarely","rarely","rarely","never","never","never",1,1,0
"ID134","ID102",31,"male","never nomad","other",0,0,5000,5000,10950,"no",6,"sometimes","sometimes","sometimes","never","never","never",1,1,0
"ID152","ID71",42,"male","never nomad","iguramen",0,0,900,900,15830,"no",42,"sometimes","often","often","never","never","never",1,1,0
"ID100","ID116",62,"male","former nomad","other",0,0,0,0,95150,"no",34,"never","sometimes","never","never","never","never",1,1,0
"ID9","ID14",68,"male","former nomad","iguramen",0,0,700,700,49150,"no",44,"never","sometimes","sometimes","never","never","never",1,1,1
"ID105","ID82",68,"male","former nomad","other",0,0,2500,2500,135830,"yes",30,"often","often","often","never","never","never",1,1,1
"ID19","ID3",48,"male","never nomad","ait_hdidou",11,1,30000,30000,12450,"no",49,"never","rarely","sometimes","never","never","never",1,1,0
"ID53","ID85",68,"female","never nomad","iguramen",0,0,0,0,30150,"no",68,"never","sometimes","sometimes","sometimes","never","never",1,1,0
"ID45","ID38",64,"male","former nomad","iguramen",0,0,26000,25200,96690,"no",35,"often","always","sometimes","never","never","never",1,1,1
"ID68","ID44",60,"male","former nomad","iguramen",0,0,2100,2100,76150,"yes",20,"sometimes","sometimes","sometimes","never","never","never",1,1,1
"ID240","ID77",37,"male","never nomad","other",2,0,8385,8385,272810,"no",37,"never","sometimes","never","never","never","never",1,1,0
"ID54","ID67",49,"male","never nomad","ait_hdidou",0,0,6200,6200,60330,"no",48,"often","sometimes","sometimes","never","never","never",1,1,0
"ID95","ID80",46,"male","never nomad","ait_hdidou",0,0,32500,32500,316110,"no",46,"sometimes","sometimes","sometimes",NA,NA,NA,1,1,0
"ID263","ID69",84,"female","former nomad","iguramen",0,0,0,0,0,NA,64,NA,NA,NA,NA,NA,NA,1,1,0
"ID79","ID18",64,"female","former nomad","iguramen",0,0,0,0,1850,"no",34,"sometimes","sometimes","sometimes","sometimes","sometimes","sometimes",1,1,1
"ID107","ID74",55,"female","never nomad","other",0,0,0,0,87350,"no",40,"often","sometimes","sometimes","never","never","never",1,1,0
"ID89","ID78",38,"female","never nomad","ait_hdidou",0,0,0,0,32950,"no",23,"sometimes","sometimes","sometimes","never","never","never",1,1,0
"ID122","ID8",37,"male","never nomad","ait_hdidou",4,0,5625,5625,259550,"yes",38,"often","sometimes","often","never","never","never",1,1,0
"ID146","ID107",65,"male","never nomad","iguramen",0,0,5175,5175,95150,"no",68,"sometimes","often","sometimes","never","never","never",1,1,0
"ID112","ID62",62,"male","never nomad","iguramen",12,1,6000,5500,451650,"no",61,"often","often","often","never","never","never",1,1,0
"ID268","ID57",71,"male","former nomad","other",0,0,0,0,311650,"no",35,"sometimes","sometimes","often","never","never","never",1,1,1
"ID90","ID68",51,"male","never nomad","cherfa",14,1,0,0,947600,"no",20,"sometimes","sometimes","rarely","never","never","never",1,1,0
"ID39","ID123",44,"male","never nomad","ait_hdidou",0,0,0,0,34950,"no",48,"sometimes","sometimes","sometimes","never","never","never",1,1,0
"ID181","ID73",64,"male","never nomad","ait_hdidou",0,1,12000,12000,108190,"yes",64,"often","sometimes","sometimes","never","never","never",1,1,0
"ID92","ID25",63,"male","never nomad","cherfa",5,1,6500,5900,634500,"yes",63,"often","sometimes","often",NA,NA,NA,1,1,0
"ID225","ID100",64,"female","never nomad","iguramen",0,0,5600,5600,151850,"no",47,"sometimes","rarely","sometimes","sometimes","never","never",1,1,0
"ID17","ID127",52,"male","never nomad","iguramen",1,1,8900,8900,260650,"no",52,"often","often","sometimes","never","never","never",1,1,0
"ID224","ID70",52,"female","never nomad","ait_hdidou",0,0,0,0,58750,"no",52,"sometimes","sometimes","sometimes","never","never","never",1,1,0
"ID24","ID41",42,"female","never nomad","ait_hdidou",0,0,3220,3220,50350,"no",41,"sometimes","sometimes","sometimes","never","never","never",1,1,0
"ID18","ID122",83,"female","former nomad","iguramen",0,0,600,600,94830,"no",52,"sometimes","sometimes","sometimes","sometimes","never","never",1,1,1
"ID33","ID98",41,"male","never nomad","ait_hdidou",0,1,42000,42000,55180,"yes",41,"often","sometimes","never","never","never","never",1,1,0
"ID5","ID51",79,"male","never nomad","iguramen",0,1,10800,10800,247450,"no",79,"often","often","sometimes","never","never","never",1,1,0
"ID31","ID19",43,"male","never nomad","ait_hdidou",0,1,20000,20000,147325,"no",48,"never","sometimes","never","never","never","never",1,1,0
"ID174","ID2",59,"male","never nomad","ait_hdidou",6,1,4000,3000,497450,"yes",59,"often","sometimes","sometimes","never","never","never",1,1,0
"ID44","ID86",28,"male","former nomad","other",0,0,4140,4140,12650,"no",6,"often","sometimes","sometimes","never","never","never",1,1,1
"ID102","ID52",61,"male","never nomad","cherfa",0,0,13500,12900,416160,"no",61,"often","often","often","never","never","never",1,1,0
"ID161","ID95",42,"male","never nomad","other",0,1,6000,6000,73880,"no",8,"rarely","rarely","sometimes",NA,NA,NA,1,1,0
"ID210","ID43",43,"male","former nomad","iguramen",0,0,0,0,43800,"no",12,"often","often","often","never","never","never",1,1,1
"ID108","ID121",44,"male","never nomad","ait_hdidou",5,1,4830,4830,65800,"yes",44,"often","always","often","never","never","never",1,1,0
"ID22","ID24",56,"male","never nomad","ait_hdidou",0,0,10350,10350,79900,"yes",56,"sometimes","sometimes","sometimes",NA,NA,NA,1,1,0
"ID271","ID54",63,"male","never nomad","other",1,1,16800,16800,132370,"no",63,"rarely","rarely","never","never","never","never",1,1,0
"ID186","ID63",40,"male","never nomad","cherfa",14,1,0,0,256400,"no",26,NA,"rarely","rarely","never","never","never",1,1,0
"ID80","ID92",54,"male","never nomad","ait_hdidou",0,1,39000,39000,109550,"yes",54,"often","often","often","never","never","never",1,1,0
"ID2","ID10",85,"male","never nomad","ait_hdidou",0,1,1250,1250,188410,"no",85,"sometimes","sometimes","sometimes","never","never","never",1,1,0
"ID60","ID108",43,"male","never nomad","ait_hdidou",0,1,7550,7550,78830,"no",41,"sometimes","often","sometimes","never","never","never",1,1,0
"ID36","ID65",20,"female","never nomad","ait_hdidou",9,1,0,0,206900,"no",31,"sometimes","sometimes","never","never","never","never",1,1,0
"ID138","ID65",60,"male","never nomad","iguramen",0,1,0,0,611110,"yes",31,"never","sometimes","never",NA,NA,NA,1,1,0
"ID140","ID65",53,"female","never nomad","cherfa",0,0,1450,1450,223590,"no",31,"sometimes","sometimes","sometimes","never","never","never",1,1,0
"ID120","ID135",24,"female","never nomad","other",9,1,0,0,44850,"no",33,"never","sometimes","sometimes","never","never","never",1,1,0
"ID76","ID135",67,"female","never nomad","iguramen",0,0,600,600,101950,"no",33,"often","often","often","never","never","never",1,1,0
"ID4","ID135",26,"male","never nomad","ait_hdidou",9,1,39900,39900,109850,"no",33,"often","sometimes","sometimes","never","never","never",1,1,0
"ID272","ID17",26,"female","former nomad","iguramen",4,1,7000,6300,57610,"no",11,"often","often","often","never","never","never",1,1,0
"ID118","ID40",30,"female","never nomad","other",0,0,1000,1000,8450,"no",38,"often","often","sometimes","never","never","never",1,1,0
"ID193","ID105",33,"female","never nomad","ait_hdidou",0,0,0,0,213160,"no",38,"sometimes","sometimes","sometimes","never","never","never",1,1,0
"ID96","ID7",38,"female","never nomad","ait_hdidou",7,1,1500,1500,33950,"no",44,"sometimes","sometimes","sometimes","never","never","never",1,1,0
"ID114","ID115",36,"female","never nomad","other",0,0,1800,1800,24750,"no",42,"sometimes","sometimes","sometimes","never","never","never",1,1,0
"ID124","ID50",48,"female","never nomad","ait_hdidou",0,0,1000,0,76430,"no",53,"sometimes","often","often","never","never","never",1,1,0
"ID132","ID50",26,"male","never nomad","ait_hdidou",12,1,8850,8850,47930,"no",53,"sometimes","rarely","rarely","never","never","never",1,1,0
"ID51","ID50",19,"female","never nomad","ait_hdidou",12,1,6800,5800,30430,"no",53,"never","sometimes","sometimes","never","never","never",1,1,0
"ID77","ID50",19,"male","never nomad","ait_hdidou",12,1,7600,5900,49530,"no",53,"often","sometimes","sometimes","never","never","never",1,1,0
"ID195","ID104",53,"female","never nomad","ait_hdidou",0,0,1100,1100,35530,"no",51,"sometimes","sometimes","sometimes","never","never","never",1,1,0
"ID85","ID27",34,"female","former nomad","other",0,0,0,0,38100,"no",12,"never","sometimes","sometimes","never","never","never",1,1,1
"ID215","ID56",27,"female","former nomad","other",0,0,600,600,38050,"no",8,"sometimes","sometimes","sometimes","never","never","never",1,1,1
"ID221","ID117",44,"female","never nomad","ait_hdidou",0,0,0,0,77350,"no",58,"often","sometimes","often","never","never","never",1,1,0
"ID261","ID117",19,"male","never nomad","ait_hdidou",12,1,6900,6900,221310,"no",58,"never","sometimes","sometimes","never","never","never",1,1,0
"ID226","ID90",24,"female","never nomad","other",4,0,0,0,9850,"no",37,"often","often","sometimes","never","never","never",1,1,0
"ID179","ID102",26,"female","never nomad","other",0,0,0,0,12250,"no",6,"sometimes","sometimes","often","never","never","never",1,1,0
"ID256","ID71",42,"female","never nomad","iguramen",0,0,360,360,15330,"no",42,"sometimes","sometimes","often","often","never","never",1,1,0
"ID97","ID116",55,"female","former nomad","other",0,0,0,0,112250,"no",34,"sometimes","sometimes","sometimes","never","never","never",1,1,0
"ID48","ID116",17,"female","former nomad","other",9,1,0,0,0,"no",34,"never","sometimes","never","never","never","never",1,1,0
"ID130","ID14",61,"female","former nomad","iguramen",0,0,800,800,106250,"no",44,"sometimes","sometimes","sometimes","never","never","never",1,1,0
"ID23","ID14",41,"female","former nomad","iguramen",0,0,500,500,84350,"no",44,"sometimes","never","sometimes","never","never","never",1,1,0
"ID238","ID14",29,"female","former nomad","iguramen",9,1,600,600,83750,"no",44,"never","sometimes","sometimes","never","never","never",1,1,0
"ID52","ID14",24,"female","former nomad","iguramen",12,1,3800,3800,36900,"no",44,"never",NA,NA,"never","never","never",1,1,0
"ID16","ID82",64,"female","former nomad","other",0,0,0,0,209210,"no",30,"often","sometimes","sometimes","never","never","never",1,1,1
"ID133","ID82",39,"male","former nomad","other",0,0,3900,3900,152800,"no",30,"often","often","sometimes","never","never","never",1,1,0
"ID182","ID82",36,"female","former nomad","other",0,0,0,0,4450,"no",30,"sometimes","sometimes","sometimes","sometimes","rarely","sometimes",1,1,1
"ID78","ID99",57,"female","former nomad","other",0,0,4000,4000,142130,"no",40,"often","sometimes","often","never","never","never",1,1,1
"ID160","ID99",32,"male","former nomad","iguramen",9,1,57040,55640,738000,"no",40,"sometimes","sometimes","sometimes","never","never","never",1,1,0
"ID82","ID99",28,"male","former nomad","iguramen",8,1,19400,19400,477090,"no",40,"sometimes","often","often","never","never","never",1,1,0
"ID109","ID99",25,"male","former nomad","iguramen",14,1,5750,5750,472570,"no",40,"never","often","sometimes","never","never","never",1,1,0
"ID126","ID99",33,"female","former nomad","iguramen",NA,0,5800,5800,384870,"no",40,"often","often","often","never","never","never",1,1,0
"ID171","ID3",47,"female","never nomad","ait_hdidou",0,0,1920,1920,80650,"no",49,"sometimes","often","sometimes","never","never","never",1,1,0
"ID239","ID38",50,"female","former nomad","other",0,0,2200,2200,73660,"no",35,"always","always","always","never","never","never",1,1,1
"ID61","ID38",25,"female","former nomad","other",6,0,0,0,90750,"no",35,"sometimes","sometimes","sometimes","never","never","never",1,1,0
"ID58","ID38",18,"male","former nomad","iguramen",12,1,8600,8600,329250,"no",35,"often","sometimes","sometimes","never","never","never",1,1,0
"ID218","ID44",53,"female","former nomad","other",0,0,0,0,81750,"no",20,"sometimes","sometimes","sometimes","never","never","never",1,1,1
"ID230","ID44",28,"male","former nomad","iguramen",6,1,22500,22500,85450,"no",20,"often","often","often","never","never","never",1,1,0
"ID178","ID77",22,"female","never nomad","other",12,1,0,0,476030,"no",37,"often","sometimes","often","never","never","never",1,1,0
"ID46","ID77",62,"female","never nomad","ait_hdidou",0,0,0,0,282330,"no",37,"sometimes","sometimes","sometimes","never","never","never",1,1,0
"ID131","ID77",24,"female","never nomad","other",NA,1,0,0,427730,"no",37,"sometimes","sometimes","often","never","never","never",1,1,0
"ID183","ID77",26,"female","never nomad","other",NA,1,0,0,470680,"no",37,"sometimes","sometimes","often","never","never","never",1,1,0
"ID164","ID67",40,"female","never nomad","other",0,0,0,0,166330,"no",48,"sometimes","sometimes","sometimes","never","never","never",1,1,0
"ID236","ID67",77,"female","never nomad","other",0,0,200,200,259130,"no",48,"never","never","never","never","never","never",1,1,0
"ID6","ID67",20,"male","never nomad","ait_hdidou",12,1,1275,1275,32530,"no",48,"sometimes","sometimes","sometimes","never","never","never",1,1,0
"ID264","ID80",36,"female","never nomad","ait_hdidou",0,0,2000,2000,124300,"no",46,"sometimes","sometimes","sometimes","never","never","never",1,1,0
"ID258","ID74",19,"female","never nomad","ait_hdidou",12,1,0,0,16150,"no",40,"never","sometimes","never","never","never","never",1,1,0
"ID253","ID78",22,"female","never nomad","ait_hdidou",12,1,0,0,12750,"no",23,"sometimes","sometimes","sometimes","never","never","never",1,1,0
"ID170","ID78",20,"female","never nomad","ait_hdidou",12,1,7720,7720,35450,"no",23,"never","sometimes","sometimes","never","never","never",1,1,0
"ID242","ID103",69,"female","never nomad","other",0,0,0,0,51750,"no",70,"often","often","often","often","often","often",1,1,0
"ID1","ID8",30,"female","never nomad","ait_hdidou",0,0,7250,7250,229150,"no",38,"often","often","often","never","never","never",1,1,0
"ID270","ID8",76,"female","never nomad","ait_hdidou",0,0,0,0,56450,"no",38,"often","often","often","never","never","never",1,1,0
"ID156","ID107",57,"female","never nomad","other",0,0,0,0,158400,"no",68,"sometimes","sometimes","never","never","never","never",1,1,0
"ID257","ID107",30,"male","never nomad","iguramen",10,1,5000,5000,145100,"no",68,"never","never","never","never","never","never",1,1,0
"ID188","ID62",59,"female","never nomad","other",0,1,5000,5000,313350,"no",61,"often","often","often","never","never","never",1,1,0
"ID40","ID62",33,"male","never nomad","iguramen",12,1,6000,6000,381350,"no",61,"often","often","often","never","never","never",1,1,0
"ID197","ID62",32,"male","never nomad","iguramen",9,1,13524,13524,402050,"no",61,"always","often","often","never","never","never",1,1,0
"ID201","ID62",25,"male","never nomad","iguramen",14,1,19800,19800,404850,"no",61,"often","often","often","never","never","never",1,1,0
"ID153","ID62",24,"male","never nomad","iguramen",14,1,2400,2200,350750,"no",61,"often","often","sometimes","never","never","never",1,1,0
"ID203","ID62",18,"female","never nomad","iguramen",12,1,0,0,223250,"no",61,"often","sometimes","often","never","never","never",1,1,0
"ID217","ID62",17,"male","never nomad","iguramen",7,1,7000,7000,408250,"no",61,"sometimes","often","often","never","never","never",1,1,0
"ID67","ID57",58,"female","former nomad","other",0,0,0,0,50810,"no",35,"often","sometimes","sometimes","never","never","never",1,1,1
"ID145","ID57",29,"male","former nomad","other",9,1,7200,7200,312250,"no",35,"sometimes","sometimes","sometimes","never","never","never",1,1,0
"ID199","ID57",22,"female","former nomad","other",0,0,0,0,149310,"no",35,"often","always","often","never","never","never",1,1,0
"ID245","ID12",77,"female","former nomad","other",0,0,0,0,91210,"no",50,NA,NA,NA,NA,NA,NA,1,1,1
"ID260","ID12",54,"male","former nomad","iguramen",0,0,5200,5200,287550,"no",50,"sometimes","sometimes","sometimes",NA,NA,NA,1,1,0
"ID200","ID12",39,"female","former nomad","iguramen",0,0,450,450,94380,"no",50,"often","sometimes","sometimes","never","never","never",1,1,1
"ID125","ID68",39,"female","never nomad","cherfa",9,1,540,540,0,"no",20,"always","often","often","never","never","never",1,1,0
"ID11","ID68",76,"male","never nomad","cherfa",5,1,96000,96000,869800,"yes",20,"often","often","often","never","never","never",1,1,0
"ID141","ID68",73,"female","never nomad","ait_hdidou",1,1,189000,189000,776700,"yes",20,"often","often","often","never","never","never",1,1,0
"ID21","ID123",34,"female","never nomad","other",0,0,0,0,77650,"no",48,"sometimes","sometimes","sometimes","never","never","never",1,1,0
"ID74","ID73",62,"female","never nomad","ait_hdidou",0,0,550,550,111030,"no",64,"sometimes","sometimes","sometimes","never","never","never",1,1,0
"ID63","ID73",26,"female","never nomad","ait_hdidou",9,1,7800,7800,41550,"no",64,"often","always","always","never","never","never",1,1,0
"ID135","ID73",19,"female","never nomad","ait_hdidou",6,1,1800,1800,108050,"no",64,"sometimes","sometimes","sometimes","sometimes","never","never",1,1,0
"ID241","ID25",53,"female","never nomad","ait_hdidou",0,0,0,0,416900,"no",63,"often","rarely","sometimes","never","never","never",1,1,0
"ID88","ID25",32,"male","never nomad","cherfa",8,1,57500,57500,143110,"no",63,"sometimes","sometimes","often","never","never","never",1,1,0
"ID222","ID127",39,"female","never nomad","other",5,1,0,0,207800,"no",52,"sometimes","often","often","never","never","never",1,1,0
"ID13","ID127",68,"female","never nomad","iguramen",0,0,0,0,195750,"no",52,"never","sometimes","sometimes","never","never","never",1,1,0
"ID119","ID84",49,"female","never nomad","other",0,0,0,0,95750,"no",59,"often","sometimes","sometimes","sometimes","never","never",1,1,0
"ID3","ID84",23,"male","never nomad","ait_hdidou",14,1,4000,4000,129750,"no",59,"often","often","often","never","never","never",1,1,0
"ID149","ID84",19,"male","never nomad","ait_hdidou",10,1,48000,48000,119950,"no",59,"often","sometimes","never","never","never","never",1,1,0
"ID269","ID84",25,"female","never nomad","ait_hdidou",9,1,8400,8400,47750,"no",59,"never","sometimes","never","never","never","never",1,1,0
"ID7","ID118",38,"female","never nomad","other",0,0,1000,1000,68630,"no",41,"often","sometimes","sometimes","never","never","never",1,1,0
"ID211","ID41",36,"female","never nomad","ait_hdidou",2,1,1050,1050,52250,"no",41,"sometimes","sometimes","sometimes","never","never","never",1,1,0
"ID98","ID122",49,"female","former nomad","ait_hdidou",0,0,1725,1725,76630,"no",52,"sometimes","sometimes","sometimes","sometimes","never","never",1,1,0
"ID158","ID98",42,"female","never nomad","other",4,0,1300,1300,141230,"no",41,"often","always","often","never","never","never",1,1,0
"ID57","ID98",79,"female","never nomad","cherfa",0,0,0,0,0,NA,41,NA,NA,NA,NA,NA,NA,1,1,0
"ID62","ID51",70,"female","never nomad","iguramen",0,0,0,0,159850,"no",79,"sometimes","sometimes","sometimes","never","never","never",1,1,0
"ID169","ID51",54,"female","never nomad","iguramen",0,0,0,0,217350,"no",79,"often","often","often","never","never","never",1,1,0
"ID123","ID51",26,"female","never nomad","other",6,1,0,0,49350,"no",79,"never","often","sometimes","never","never","never",1,1,0
"ID99","ID2",52,"female","never nomad","ait_hdidou",0,0,0,0,281650,"no",59,"sometimes","sometimes","sometimes","never","never","never",1,1,0
"ID262","ID2",32,"male","never nomad","ait_hdidou",11,1,72000,72000,18750,"yes",59,"often","often","often","never","never","never",1,1,0
"ID168","ID2",29,"male","never nomad","ait_hdidou",11,1,71750,71750,518050,"yes",59,"sometimes","sometimes","sometimes","never","never","never",1,1,0
"ID106","ID2",24,"male","never nomad","ait_hdidou",14,1,60850,60850,514900,"no",59,"never","often","often","never","never","never",1,1,0
"ID251","ID2",20,"male","never nomad","ait_hdidou",12,1,64000,64000,520100,"no",59,"often","often","sometimes","never","never","never",1,1,0
"ID176","ID2",26,"female","never nomad","other",12,1,0,0,166150,"no",59,"sometimes","sometimes","sometimes","never","never","never",1,1,0
"ID173","ID2",25,"female","never nomad","ait_hdidou",4,0,0,0,160150,"no",59,"sometimes","sometimes","sometimes","never","never","never",1,1,0
"ID75","ID86",24,"female","former nomad","iguramen",0,0,0,0,13450,"no",6,"sometimes","often","sometimes","never","never","never",1,1,1
"ID248","ID11",65,"female","former nomad","other",0,0,0,0,99550,"no",60,"sometimes","sometimes","sometimes","never","never","never",1,1,1
"ID192","ID11",24,"male","former nomad","other",0,0,7300,7300,76810,"no",60,"never","rarely","rarely","never","never","never",1,1,1
"ID94","ID11",31,"male","former nomad","other",0,0,5240,5240,108450,"no",60,"sometimes","sometimes","often","never","never","never",1,1,0
"ID30","ID11",32,"female","former nomad","other",0,0,0,0,13550,"no",60,"often","sometimes","sometimes","never","never","never",1,1,1
"ID234","ID52",51,"female","never nomad","ait_hdidou",0,0,0,0,259050,"no",61,"sometimes","sometimes","sometimes","never","never","never",1,1,0
"ID28","ID52",30,"male","never nomad","cherfa",14,1,28000,28000,691900,"no",61,"sometimes","sometimes","sometimes","never","never","never",1,1,0
"ID155","ID52",46,"male","never nomad","cherfa",6,1,30800,30800,951610,"yes",61,"rarely","rarely","rarely","never","never","never",1,1,0
"ID213","ID52",36,"female","never nomad","ait_hdidou",9,1,0,0,259050,"no",61,"never","sometimes","sometimes","never","never","never",1,1,0
"ID91","ID95",34,"female","never nomad","other",0,0,2856,2856,106080,"no",8,"often","often","often","never","never","never",1,1,0
"ID255","ID88",32,"female","former nomad","other",0,0,1400,1400,9050,"no",6,"often","often","sometimes","never","never","never",1,1,1
"ID254","ID43",39,"female","former nomad","other",1,0,0,0,76600,"no",12,"often","sometimes","often","sometimes","never","never",1,1,1
"ID136","ID121",40,"female","never nomad","other",5,1,0,0,116650,"no",44,"often","often","often","never","never","never",1,1,0
"ID84","ID24",49,"female","never nomad","ait_hdidou",0,0,550,550,70450,"no",56,"sometimes","sometimes","sometimes","sometimes","often","sometimes",1,1,0
"ID219","ID24",21,"male","never nomad","ait_hdidou",7,1,2700,2700,16300,"no",56,"sometimes","sometimes","sometimes","never","never","never",1,1,0
"ID205","ID54",57,"female","never nomad","ait_hdidou",0,0,6000,6000,128810,"no",63,"sometimes","sometimes","sometimes","never","never","never",1,1,0
"ID101","ID54",33,"male","never nomad","other",7,0,1200,1200,93300,"yes",63,"never","sometimes","never","never","never","never",1,1,0
"ID228","ID63",39,"male","never nomad","other",12,1,48000,48000,128200,"no",26,"rarely","sometimes","sometimes","never","never","never",1,1,0
"ID56","ID92",42,"female","never nomad","ait_hdidou",0,0,0,0,147910,"no",54,"sometimes","sometimes","sometimes","never","never","never",1,1,0
"ID25","ID10",75,"female","never nomad","cherfa",0,0,0,0,184850,"no",85,"sometimes","sometimes","sometimes","never","never","never",1,1,0
"ID65","ID10",59,"female","never nomad","ait_hdidou",0,0,0,0,58850,"no",85,"sometimes","sometimes","sometimes","never","never","never",1,1,0
"ID27","ID10",43,"female","never nomad","ait_hdidou",12,1,36800,36800,187210,"no",85,"sometimes","sometimes","sometimes","sometimes","never","never",1,1,0
"ID180","ID108",36,"female","never nomad","iguramen",0,0,1100,1100,58900,"no",41,"sometimes","always","sometimes","never","never","never",1,1,0
"ID151","ID42",53,"female","never nomad","ait_hdidou",12,1,0,0,8100,"no",54,"often","often","never","never","never","never",1,1,0
"ID214","ID120",53,"male","never nomad","ait_hdidou",5,1,29900,29900,68050,"no",53,"sometimes","sometimes","sometimes","never","never","never",1,1,0
"ID103","ID113",39,"male","never nomad","cherfa",4,1,10800,10800,481450,"no",40,"sometimes","sometimes","never",NA,NA,NA,1,1,0
"ID12","ID132",60,"male","former nomad","iguramen",0,0,3200,1700,22480,"no",4,"always","always","always","never","never","never",1,1,1
"ID10","ID130",62,"male","part-time nomad","other",0,0,39000,38150,175150,"no",NA,"sometimes","sometimes","sometimes","never","never","never",1,1,1
"ID127","ID6",69,"male","never nomad","ait_hdidou",0,0,18000,18000,39000,"yes",2.5,"often","often","sometimes","never","never","never",1,1,0
"ID196","ID120",43,"female","never nomad","other",0,0,800,800,62750,"no",53,"sometimes","always","often","never","never","never",1,1,0
"ID115","ID113",38,"female","never nomad","iguramen",2,0,0,0,281300,"no",40,"never","often","never","never","never","never",1,1,0
"ID41","ID113",75,"female","never nomad","ait_hdidou",0,0,3000,3000,244630,"no",40,"sometimes","sometimes","never","never","never","never",1,1,0
"ID249","ID132",29,"female","former nomad","iguramen",0,0,0,0,12350,"no",4,"always","always","always","sometimes","never","never",1,1,0
"ID93","ID130",61,"female","former nomad","other",0,0,350,350,35850,"no",1,"often","always","often","never","never","never",1,1,1
"ID42","ID6",59,"female","never nomad","cherfa",0,1,0,0,39000,"no",2.5,"sometimes","often","often","never","never","never",1,1,0
"ID235","ID91",50,"male","full-time nomad",NA,0,0,5000,NA,58800,NA,NA,"never","never","never","sometimes","sometimes","often",0,0,1
"ID194","ID111",56,"female","full-time nomad",NA,0,0,37500,NA,89350,NA,NA,"never","never","never","never","never","never",0,0,1
"ID38","ID83",36,"female","full-time nomad",NA,0,0,1900,NA,4625,NA,NA,"often","sometimes","sometimes","sometimes","sometimes","sometimes",0,0,1
"ID223","ID119",40,"female","part-time nomad",NA,0,0,10000,NA,71100,NA,NA,NA,NA,NA,NA,NA,NA,0,0,1
"ID166","ID79",47,"female","full-time nomad",NA,0,0,32000,NA,158000,NA,NA,"never","never","never","never","never","never",0,0,1
"ID139","ID16",30,"female","full-time nomad",NA,0,0,1200,NA,8880,NA,NA,"often","sometimes","sometimes","sometimes","sometimes","sometimes",0,0,1
"ID212","ID96",43,"female","full-time nomad",NA,0,0,6000,NA,56700,NA,NA,"sometimes","sometimes","sometimes","sometimes","often","sometimes",0,0,1
"ID73","ID112",36,"female","full-time nomad",NA,0,0,1500,NA,2960,NA,NA,"often","rarely","sometimes","sometimes","sometimes","sometimes",0,0,1
"ID220","ID34",30,"male","full-time nomad",NA,0,0,2500,NA,10150,NA,NA,"often","sometimes","sometimes","sometimes","sometimes","sometimes",0,0,1
"ID116","ID4",38,"female","full-time nomad",NA,0,0,4000,NA,3650,NA,NA,"never","never","never","never","never","never",0,0,1
"ID259","ID32",78,"male","full-time nomad",NA,0,0,10000,NA,77050,NA,NA,"never","never","never","sometimes","sometimes","rarely",0,0,1
"ID172","ID131",65,"female","full-time nomad",NA,0,0,18000,NA,80950,NA,NA,"never","never","never","never","never","never",0,0,1
"ID87","ID55",51,"male","full-time nomad",NA,0,0,135000,NA,395500,NA,NA,"sometimes","sometimes","sometimes","never","never","never",0,0,1
"ID55","ID137",60,"male","full-time nomad",NA,0,0,16000,NA,158500,NA,NA,"often","often","sometimes","never","never","never",0,0,1
"ID35","ID45",56,"female","full-time nomad",NA,0,0,13000,NA,262500,NA,NA,"rarely","never","rarely","never","never","never",0,0,1
"ID267","ID49",60,"male","full-time nomad",NA,0,0,20000,NA,273500,NA,NA,"never","never","never","sometimes","rarely","never",0,0,1
"ID113","ID22",27,"male","full-time nomad",NA,0,0,27000,NA,169420,NA,NA,"rarely","sometimes","sometimes","never","never","never",0,0,1
"ID167","ID101",50,"female","full-time nomad",NA,0,0,23500,NA,167920,NA,NA,"rarely","sometimes","sometimes","never","never","never",0,0,1
"ID229","ID133",32,"male","full-time nomad",NA,0,0,31000,NA,111840,NA,NA,"rarely","never","rarely","never","never","never",0,0,1
"ID227","ID110",27,"male","full-time nomad",NA,0,0,13000,NA,29200,NA,NA,"often","sometimes","sometimes","sometimes","sometimes","often",0,0,1
"ID117","ID81",22,"female","full-time nomad",NA,0,0,27000,NA,117920,NA,NA,"rarely","sometimes","rarely","never","never","never",0,0,1
"ID37","ID46",30,"male","full-time nomad",NA,0,0,36000,NA,111840,NA,NA,"rarely","never","rarely","never","never","never",0,0,1
"ID148","ID114",24,"male","full-time nomad",NA,0,0,37500,NA,55750,NA,NA,"often","sometimes","often","rarely","rarely","rarely",0,0,1
"ID64","ID21",26,"female","full-time nomad",NA,0,0,12500,NA,60300,NA,NA,"never","never","never","sometimes","never","rarely",0,0,1
"ID207","ID29",60,"female","full-time nomad",NA,0,0,15000,NA,21750,NA,NA,"sometimes","sometimes","rarely","never","never","never",0,0,1
"ID81","ID23",30,"female","full-time nomad",NA,0,0,5500,NA,21750,NA,NA,"often","sometimes","never","never","never","never",0,0,1
"ID209","ID48",54,"female","full-time nomad",NA,0,0,12500,NA,10300,NA,NA,"never","never","never","rarely","never","rarely",0,0,1
"ID191","ID128",82,"male","full-time nomad",NA,0,0,15000,NA,21750,NA,NA,"sometimes","never","rarely","never","never","never",0,0,1
"ID144","ID26",50,"female","full-time nomad",NA,0,0,5000,NA,19600,NA,NA,"often","sometimes","rarely","never","never","never",0,0,1
"ID147","ID33",39,"female","full-time nomad",NA,0,0,6000,NA,16100,NA,NA,"rarely","never","sometimes","rarely","sometimes","rarely",0,0,1
"ID8","ID134",40,"male","full-time nomad",NA,0,0,15000,NA,239750,NA,NA,"sometimes","sometimes","often","rarely","never","never",0,0,1
"ID83","ID31",24,"male","full-time nomad",NA,0,0,3000,NA,10800,NA,NA,"never","never","never","rarely","never","rarely",0,0,1
"ID162","ID75",37,"female","full-time nomad",NA,0,0,12500,NA,78550,NA,NA,"rarely","rarely","never","never","never","never",0,0,1
"ID72","ID60",52,"male","full-time nomad",NA,0,0,15000,NA,241750,NA,NA,"rarely","rarely","rarely","never","never","never",0,0,1
"ID216","ID5",100,"male","full-time nomad",NA,0,0,7000,NA,78950,NA,NA,"never","never","never","sometimes","never","never",0,0,1
"ID233","ID76",19,"female","full-time nomad",NA,0,0,17500,NA,110250,NA,NA,"never","never","sometimes","never","never","never",0,0,1
"ID111","ID139",35,"female","full-time nomad",NA,0,0,12500,NA,20150,NA,NA,"sometimes","sometimes","often","sometimes","rarely","never",0,0,1
"ID70","ID61",24,"female","full-time nomad",NA,0,0,0,NA,0,NA,NA,"often","rarely","often","rarely","sometimes","rarely",0,0,1
"ID187","ID30",57,"female","full-time nomad",NA,0,0,3000,NA,10800,NA,NA,"rarely","never","never","never","never","never",0,0,1
"ID206","ID136",20,"female","full-time nomad",NA,0,0,15000,NA,128500,NA,NA,"never","never","never","never","rarely","never",0,0,1
"ID104","ID9",21,"male","full-time nomad",NA,0,0,1000,NA,61800,NA,NA,"rarely","rarely","never","never","rarely","never",0,0,1
"ID142","ID64",40,"male","full-time nomad",NA,0,0,20000,NA,82000,NA,NA,"rarely","rarely","rarely","never","never","never",0,0,1
"ID208","ID59",45,"male","full-time nomad",NA,0,0,10000,NA,78745,NA,NA,"sometimes","never","sometimes","never","rarely","rarely",0,0,1
"ID121","ID47",40,"female","full-time nomad",NA,0,0,16000,NA,84100,NA,NA,"sometimes","rarely","sometimes","never","never","never",0,0,1
"ID128","ID64",30,"female","full-time nomad",NA,0,0,45000,NA,75500,NA,NA,"rarely","never","often","never","never","never",0,0,1
"ID69","ID1",53,"male","full-time nomad",NA,0,0,150000,NA,129700,NA,NA,"rarely","never","rarely","never","never","never",0,0,1
"ID43","ID94",39,"female","full-time nomad",NA,0,0,35000,NA,127925,NA,NA,"rarely","rarely","never","never","never","never",0,0,1
"ID110","ID35",46,"male","full-time nomad",NA,0,0,60000,NA,87050,NA,NA,"never","never","never","never","never","never",0,0,1
"ID165","ID126",30,"male","full-time nomad",NA,0,0,40000,NA,115350,NA,NA,"sometimes","never","sometimes","never","never","never",0,0,1
"ID163","ID94",19,"male","full-time nomad",NA,5,1,35100,NA,127925,NA,NA,"rarely","rarely","rarely","never","never","never",0,0,1
"ID86","ID20",34,"male","full-time nomad",NA,5,1,33500,NA,105030,NA,NA,"sometimes","sometimes","sometimes","never","never","never",0,0,1
"ID175","ID126",26,"female","full-time nomad",NA,0,0,40000,NA,115350,NA,NA,"sometimes","never","sometimes","never","never","never",0,0,1
"ID157","ID125",35,"female","full-time nomad",NA,0,0,7500,NA,68155,NA,NA,"sometimes","rarely","rarely","sometimes","sometimes","sometimes",0,0,1
"ID154","ID36",25,"female","full-time nomad",NA,0,0,17000,NA,129550,NA,NA,"often","rarely","sometimes","never","never","never",0,0,1
"ID47","ID37",63,"female","full-time nomad",NA,0,0,110000,NA,125500,NA,NA,"sometimes","never","sometimes","never","never","never",0,0,1
"ID49","ID36",31,"male","full-time nomad",NA,0,0,17000,NA,129550,NA,NA,"sometimes","never","sometimes","never","never","never",0,0,1
"ID204","ID37",19,"female","full-time nomad",NA,0,0,110000,NA,125500,NA,NA,"sometimes","never","sometimes","never","never","never",0,0,1
"ID14","ID37",18,"female","full-time nomad",NA,0,0,1e+05,NA,NA,NA,NA,"never","never","sometimes","never","never","never",0,0,1
"ID59","ID109",40,"male","full-time nomad","Ait hassik",0,1,140000,NA,201300,NA,NA,"often","never","never","never","never","never",0,0,1
"ID15","ID138",45,"male","full-time nomad","Ait bassou ouali",0,0,32500,NA,103700,NA,NA,"often","rarely","sometimes","never","never","never",0,0,1
"ID34","ID53",43,"female","full-time nomad","Ayt khoya 3li",0,0,28000,NA,114250,NA,NA,"often","rarely","sometimes","never","never","never",0,0,1
"ID273","ID13",65,"female","full-time nomad","Ayt tghrmin",0,0,37500,NA,115900,NA,NA,"often","rarely","often","never","never","never",0,0,1
"ID177","ID97",44,"female","full-time nomad","Ayt amoumou",0,0,13000,NA,106550,NA,NA,"often","rarely","rarely","never","never","never",0,0,1
"ID243","ID89",45,"male","full-time nomad",NA,0,0,27500,NA,114250,NA,NA,"often","rarely","sometimes","never","never","never",0,0,1
"ID66","ID66",40,"male","part-time nomad",NA,0,0,37500,NA,115900,NA,NA,"often","rarely","sometimes","never","never","never",0,0,1
"ID185","ID124",40,"male","full-time nomad",NA,0,0,30000,NA,111250,NA,NA,"often","sometimes","often","never","never","never",0,0,1
"ID32","ID87",71,"male","full-time nomad",NA,0,0,9000,NA,106550,NA,NA,NA,NA,NA,"never","never","never",0,0,1
"ID198","ID129",18,"female","full-time nomad","Ayt amoumou",5,1,0,NA,59295,NA,NA,"often","sometimes","sometimes","never","never","never",0,0,1
"ID189","ID129",45,"female","full-time nomad","Ayt amoumou",0,0,0,NA,59295,NA,NA,"often","sometimes","rarely","never","never","never",0,0,1
"ID129","ID58",59,"female","full-time nomad","Ayt 3bicha",0,0,7500,NA,12750,NA,NA,"often","sometimes","sometimes","never","never","never",0,0,1
"ID71","ID28",30,"female","full-time nomad","Ait sidi bassou",0,0,1000,NA,7055,NA,NA,"sometimes","sometimes","rarely","sometimes","rarely","sometimes",0,0,1
"ID26","ID39",51,"male","full-time nomad","Ait hamou ouchou",0,0,3000,NA,25375,NA,NA,"never","never","never","never","never","never",0,0,1
"ID50","ID39",21,"male","full-time nomad",NA,8,1,3000,NA,75375,NA,NA,"sometimes","often","often","never","never","never",0,0,1
"ID20","ID15",20,"female","full-time nomad","Ait ofr9ach",0,0,NA,NA,5150,NA,NA,"never","never","never","never","never","never",0,0,1
"ID247","ID44",22,"female","former nomad","Ayt l3rwia",0,0,15000,NA,195000,NA,NA,NA,NA,NA,NA,NA,NA,0,0,1
"ID29","ID106",35,"female","former nomad","Ayt khaddi",0,0,22500,NA,95600,NA,NA,NA,NA,NA,NA,NA,NA,0,0,1
"ID252","ID72",42,"female","former nomad","Ayt hssain o hedo",0,0,15000,NA,95000,NA,NA,NA,NA,NA,NA,NA,NA,0,0,1
"ID150","ID93",NA,"female","former nomad","Ayt amoumou",0,0,16000,NA,264000,NA,NA,NA,NA,NA,NA,NA,NA,0,0,1
"ID159","ID72",57,"male","former nomad","Ayt kaddi",0,0,13000,NA,86900,NA,NA,NA,NA,NA,NA,NA,NA,0,0,1
"ID143","ID106",20,"male","former nomad","Ayt baarab",0,0,50000,NA,130400,NA,NA,NA,NA,NA,NA,NA,NA,0,0,1
